"Name","Date"
"ミミィ・ホワイト","2/1/2022 12:00:00 AM"
"マイメロディ","2/1/2022 12:00:00 AM"
"ポムポムプリン","2/1/2022 12:00:00 AM"
"クロミ","2/1/2022 12:00:00 AM"
"バッドばつ丸","2/1/2022 12:00:00 AM"
"ぼんぼんりぼん","2/1/2022 12:00:00 AM"
"もっぷ","2/1/2022 12:00:00 AM"
"ミミィ・ホワイト","2/4/2022 12:00:00 AM"
"ダニエル・スター","2/4/2022 12:00:00 AM"
"みるく","2/4/2022 12:00:00 AM"
"コロコロクリリン","2/4/2022 12:00:00 AM"
"ポチャッコ","2/4/2022 12:00:00 AM"
"シナモン","2/4/2022 12:00:00 AM"
"マイスウィートピアノ","2/4/2022 12:00:00 AM"
"ミミィ・ホワイト","2/5/2022 12:00:00 AM"
"マイメロディ","2/5/2022 12:00:00 AM"
"ポムポムプリン","2/5/2022 12:00:00 AM"
"ポチャッコ","2/5/2022 12:00:00 AM"
"シナモン","2/5/2022 12:00:00 AM"
"マイメロディ","2/6/2022 12:00:00 AM"
"ポムポムプリン","2/6/2022 12:00:00 AM"
"ポチャッコ","2/6/2022 12:00:00 AM"
"クロミ","2/6/2022 12:00:00 AM"
"もっぷ","2/6/2022 12:00:00 AM"
"ミミィ・ホワイト","2/7/2022 12:00:00 AM"
"ダニエル・スター","2/7/2022 12:00:00 AM"
"マイメロディ","2/7/2022 12:00:00 AM"
"ルビー","2/7/2022 12:00:00 AM"
"あひるのペックル","2/7/2022 12:00:00 AM"
"マイスウィートピアノ","2/7/2022 12:00:00 AM"
"もっぷ","2/7/2022 12:00:00 AM"
"ダニエル・スター","2/8/2022 12:00:00 AM"
"ポムポムプリン","2/8/2022 12:00:00 AM"
"ポチャッコ","2/8/2022 12:00:00 AM"
"クロミ","2/8/2022 12:00:00 AM"
"ぼんぼんりぼん","2/8/2022 12:00:00 AM"
"マイスウィートピアノ","2/8/2022 12:00:00 AM"
"こぎみゅん","2/8/2022 12:00:00 AM"
"ミミィ・ホワイト","2/9/2022 12:00:00 AM"
"ポムポムプリン","2/9/2022 12:00:00 AM"
"ポチャッコ","2/9/2022 12:00:00 AM"
"シナモン","2/9/2022 12:00:00 AM"
"バッドばつ丸","2/9/2022 12:00:00 AM"
"マイスウィートピアノ","2/9/2022 12:00:00 AM"
"もっぷ","2/9/2022 12:00:00 AM"
"ミミィ・ホワイト","2/10/2022 12:00:00 AM"
"クロミ","2/10/2022 12:00:00 AM"
"シナモン","2/10/2022 12:00:00 AM"
"ウィッシュミーメル","2/10/2022 12:00:00 AM"
"バッドばつ丸","2/10/2022 12:00:00 AM"
"もっぷ","2/10/2022 12:00:00 AM"
"マイメロディ","2/11/2022 12:00:00 AM"
"ポムポムプリン","2/11/2022 12:00:00 AM"
"ポチャッコ","2/11/2022 12:00:00 AM"
"ウィッシュミーメル","2/11/2022 12:00:00 AM"
"マイスウィートピアノ","2/11/2022 12:00:00 AM"
"マイメロディ","2/12/2022 12:00:00 AM"
"ポムポムプリン","2/12/2022 12:00:00 AM"
"ポチャッコ","2/12/2022 12:00:00 AM"
"クロミ","2/12/2022 12:00:00 AM"
"もっぷ","2/12/2022 12:00:00 AM"
"ダニエル・スター","2/13/2022 12:00:00 AM"
"マイメロディ","2/13/2022 12:00:00 AM"
"クロミ","2/13/2022 12:00:00 AM"
"ウィッシュミーメル","2/13/2022 12:00:00 AM"
"マイスウィートピアノ","2/13/2022 12:00:00 AM"
"ミミィ・ホワイト","2/14/2022 12:00:00 AM"
"ダニエル・スター","2/14/2022 12:00:00 AM"
"クロミ","2/14/2022 12:00:00 AM"
"シナモン","2/14/2022 12:00:00 AM"
"バッドばつ丸","2/14/2022 12:00:00 AM"
"マイスウィートピアノ","2/14/2022 12:00:00 AM"
"マイメロディ","2/15/2022 12:00:00 AM"
"ポチャッコ","2/15/2022 12:00:00 AM"
"タキシードサム","2/15/2022 12:00:00 AM"
"クロミ","2/15/2022 12:00:00 AM"
"シナモン","2/15/2022 12:00:00 AM"
"もっぷ","2/15/2022 12:00:00 AM"
"こぎみゅん","2/15/2022 12:00:00 AM"
"ミミィ・ホワイト","2/16/2022 12:00:00 AM"
"マイメロディ","2/16/2022 12:00:00 AM"
"コロコロクリリン","2/16/2022 12:00:00 AM"
"あひるのペックル","2/16/2022 12:00:00 AM"
"クロミ","2/16/2022 12:00:00 AM"
"マイスウィートピアノ","2/16/2022 12:00:00 AM"
"もっぷ","2/16/2022 12:00:00 AM"
"ミミィ・ホワイト","2/17/2022 12:00:00 AM"
"マイメロディ","2/17/2022 12:00:00 AM"
"ポムポムプリン","2/17/2022 12:00:00 AM"
"ポチャッコ","2/17/2022 12:00:00 AM"
"シナモン","2/17/2022 12:00:00 AM"
"バッドばつ丸","2/17/2022 12:00:00 AM"
"ミミィ・ホワイト","2/18/2022 12:00:00 AM"
"ポムポムプリン","2/18/2022 12:00:00 AM"
"クロミ","2/18/2022 12:00:00 AM"
"バッドばつ丸","2/18/2022 12:00:00 AM"
"ぼんぼんりぼん","2/18/2022 12:00:00 AM"
"もっぷ","2/18/2022 12:00:00 AM"
"こぎみゅん","2/18/2022 12:00:00 AM"
"ダニエル・スター","2/19/2022 12:00:00 AM"
"マイメロディ","2/19/2022 12:00:00 AM"
"ポチャッコ","2/19/2022 12:00:00 AM"
"クロミ","2/19/2022 12:00:00 AM"
"もっぷ","2/19/2022 12:00:00 AM"
"ミミィ・ホワイト","2/20/2022 12:00:00 AM"
"マイメロディ","2/20/2022 12:00:00 AM"
"モカ","2/20/2022 12:00:00 AM"
"ポムポムプリン","2/20/2022 12:00:00 AM"
"シナモン","2/20/2022 12:00:00 AM"
"ミミィ・ホワイト","2/21/2022 12:00:00 AM"
"マイメロディ","2/21/2022 12:00:00 AM"
"ポチャッコ","2/21/2022 12:00:00 AM"
"クロミ","2/21/2022 12:00:00 AM"
"シナモン","2/21/2022 12:00:00 AM"
"マイスウィートピアノ","2/21/2022 12:00:00 AM"
"ミミィ・ホワイト","2/22/2022 12:00:00 AM"
"ダニエル・スター","2/22/2022 12:00:00 AM"
"マイメロディ","2/22/2022 12:00:00 AM"
"ポムポムプリン","2/22/2022 12:00:00 AM"
"バッドばつ丸","2/22/2022 12:00:00 AM"
"マイスウィートピアノ","2/22/2022 12:00:00 AM"
"もっぷ","2/22/2022 12:00:00 AM"
"マイメロディ","2/23/2022 12:00:00 AM"
"クロミ","2/23/2022 12:00:00 AM"
"シナモン","2/23/2022 12:00:00 AM"
"マイスウィートピアノ","2/23/2022 12:00:00 AM"
"もっぷ","2/23/2022 12:00:00 AM"
"ミミィ・ホワイト","2/24/2022 12:00:00 AM"
"ダニエル・スター","2/24/2022 12:00:00 AM"
"ポムポムプリン","2/24/2022 12:00:00 AM"
"ポチャッコ","2/24/2022 12:00:00 AM"
"ウィッシュミーメル","2/24/2022 12:00:00 AM"
"バッドばつ丸","2/24/2022 12:00:00 AM"
"こぎみゅん","2/24/2022 12:00:00 AM"
"ダニエル・スター","2/25/2022 12:00:00 AM"
"マイメロディ","2/25/2022 12:00:00 AM"
"ポチャッコ","2/25/2022 12:00:00 AM"
"クロミ","2/25/2022 12:00:00 AM"
"マイスウィートピアノ","2/25/2022 12:00:00 AM"
"もっぷ","2/25/2022 12:00:00 AM"
"ミミィ・ホワイト","2/26/2022 12:00:00 AM"
"ポムポムプリン","2/26/2022 12:00:00 AM"
"クロミ","2/26/2022 12:00:00 AM"
"シナモン","2/26/2022 12:00:00 AM"
"もっぷ","2/26/2022 12:00:00 AM"
"ミミィ・ホワイト","2/27/2022 12:00:00 AM"
"マイメロディ","2/27/2022 12:00:00 AM"
"ポムポムプリン","2/27/2022 12:00:00 AM"
"シナモン","2/27/2022 12:00:00 AM"
"マイスウィートピアノ","2/27/2022 12:00:00 AM"
"ミミィ・ホワイト","2/28/2022 12:00:00 AM"
"ポチャッコ","2/28/2022 12:00:00 AM"
"ウィッシュミーメル","2/28/2022 12:00:00 AM"
"もっぷ","2/28/2022 12:00:00 AM"
